doc_id,file,level,reason_codes,basis,deadline,evidence,review_flags
Акт_01,Акт_01.pdf,L2,ACT_PARTIAL_REFUSAL,"ст. 110, 167-170 Арбитражного процессуального кодекса",,В удовлетворении остальной части первоначальных исковых требований отказать. | срок обжалования: Решение может быть обжаловано в Тринадцатый арбитражный апелляционный суд в течение месяца со дня принятия Решения.,
Акт_02,Акт_02.pdf,L1,ACT_LEFT_WITHOUT_MOTION,"ст. 126, 128, 184, 185 Арбитражного процессуального кодекса",,"исковое заявление оставить без движения. | срок: Предложить истцу устранить обстоятельства, послужившие основанием для оставления искового заявления без движения, обеспечив поступление указанных документов в суд в срок до [дата] В соответствии с частью 4 статьи 128 АПК РФ в случае, если обстоятельства, послужившие основанием для оставления исковог",
Акт_03,Акт_03.pdf,L2,ACT_FEE_REFUND,"ст. 110, 167-170 Арбитражного процессуального кодекса",,Возвратить акционерному обществу Орг. 01 из федерального бюджета [сумма] государственной пошлины. | срок обжалования: Решение может быть обжаловано в Тринадцатый арбитражный апелляционный суд в течение месяца со дня принятия Решения.,
Акт_04,Акт_04.pdf,L2,ACT_RETURNED,ст. 184-185 Арбитражного процессуального кодекса,,"1.Исковое заявление возвратить заявителю. | срок обжалования: Определение может быть обжаловано в Тринадцатый арбитражный апелляционный суд в срок, не превышающий месяца со дня вынесения Определения.",
Акт_05,Акт_05.pdf,L1,ACT_LEFT_WITHOUT_CONSIDERATION;ACT_FEE_REFUND,"ст. 148, 184 Арбитражного процессуального кодекса",,"Оставить исковое заявление без рассмотрения. | Возвратить акционерному обществу Орг. 01 из федерального бюджета [сумма] государственной пошлины, уплаченной по платежному поручению от [дата] [номер] На определение может быть подана апелляционная жалоба в Тринадцатый арбитражный апелляционный суд в срок, не превышающий пятнадцати дней со дня его в | срок обжалования: 01 из федерального бюджета [сумма] государственной пошлины, уплаченной по платежному поручению от [дата] [номер] На определение может быть подана апелляционная жалоба в Тринадцатый арбитражный апелляционный суд в срок, не превышающий пятнадцати дней со дня его вынесения.",
Акт_06,Акт_06.pdf,L2,ACT_LEFT_WITHOUT_CONSIDERATION;ACT_FEE_REFUND,ст. 149 АПК РФ,,Оставить иск без рассмотрения. | Возвратить акционерному обществу Орг. 01 из федерального бюджета [сумма] государственной пошлины. | срок обжалования: Определение может быть обжаловано в Тринадцатый арбитражный апелляционный суд в течение месяца со дня принятия.,
Акт_07,Акт_07.pdf,L1,ACT_CLAIM_DENIED;ACT_FEE_REFUND,"ст. 110, 229 Арбитражного процессуального кодекса",,В иске отказать. | Возвратить акционерному обществу Орг. 01 (ОГРН [номер] ИНН [номер] из федерального бюджета [сумма] излишне уплаченной по платежному поручению от [дата] [номер] государственной пошлины. | срок обжалования: Решение подлежит немедленному исполнению и может быть обжаловано в Тринадцатый арбитражный апелляционный суд в течение пятнадцати дней со дня принятия.,
Акт_08,Акт_08.pdf,L2,ACT_DECISION_REVERSED,ст. 269-271 Арбитражного процессуального кодекса,,"Решение Арбитражного суда города Санкт-Петербурга и Ленинградской области от [дата] по делу № [дело] отменить. | срок обжалования: Постановление может быть обжаловано в Арбитражный суд Северо- Западного округа в срок, не превышающий двух месяцев со дня его принятия.",
Акт_09,Акт_09.pdf,L2,ACT_DECISION_REVERSED;ACT_NEW_TRIAL,ст. 286 - 289 Арбитражного процессуального кодекса,,решение Арбитражного суда города Санкт-Петербурга и Ленинградской области от [дата] дополнительное решение Арбитражного суда города Санкт-Петербурга и Ленинградской области от [дата] и постановление Тринадцатого арбитражного апелляционного суда от [дата] по делу № [дело] отменить. | Дело направить на новое рассмотрение в Арбитражный суд города Санкт- Петербурга и Ленинградской области.,
Акт_10,Акт_10.pdf,L2,ACT_PROCEEDINGS_TERMINATED;ACT_FEE_REFUND,ст. 184-185 Арбитражного процессуального кодекса,,"Производство по делу прекратить. | Возвратить акционерному обществу Орг. 01 из федерального бюджета [сумма] уплаченной государственной пошлины по платежному поручению от [дата] г. | срок обжалования: [номер] На определение может быть подана апелляционная жалоба в Тринадцатый арбитражный апелляционный суд в срок, не превышающий месяца со дня его вынесения.",
Акт_11,Акт_11.pdf,L1,ACT_SETTLEMENT_APPROVED;ACT_PROCEEDINGS_TERMINATED;ACT_FEE_REFUND,"ст. 138 – 141, 150, 110, 104 Арбитражного процессуального кодекса",,"Утвердить мировое соглашение, заключенное между акционерным обществом Орг. | Производство по делу прекратить. | Возвратить акционерному обществу Орг. 01 (ИНН [номер] из федерального бюджета [сумма] государственной пошлины по иску. | срок: [сумма] в счет оплаты задолженности за поставленную электроэнергию по Договору в период [дата] - [дата] в срок до [дата] 1.2.",
