тип документа,Файл,улица,дом,кв,фамилия,имя,отчетство,фио,дата рождения,паспорт,снилс,инн,дело_номер,дело_дата,период_дз_начало,период_дз_оконч,дз_осн,дз_пени,дз_пошлина,соответчики_кол-во,соответчики_фио
приказ эл,ocr/orders_electronic/ocr_006.pdf,2-й,23-17,,Пробников,Савелий,Викторович,Пробников Савелий Викторович,1992-05-15,,,819611645856,2-8416/2033,,2028-01-04,2033-01-02,85422.50,85422.50,4000.00,2,"Текстовой Арины Олеговны, екстовой Арины Олеговны"
приказ эл,ocr/orders_electronic/ocr_007.pdf,Учебная,128,16,Наборников,Леонтий,Миронович,Наборников Леонтий Миронович,1976-03-11,8620 043011,,802206513928,2-8836/2033,,2032-03-05,2033-01-02,68326.38,68326.38,4000.00,2,"Наборниковой Алисы Денисовны, орниковой Алисы Денисовны"
приказ эл,ocr/orders_electronic/ocr_008.pdf,Учебная,128,16,Наборникова,Алиса,Денисовна,Наборникова Алиса Денисовна,1976-03-11,8839 572672,,828660323145,2-8836/2033,,2032-03-05,2033-01-02,68326.38,68326.38,4000.00,1,Наборникова Леонтия Мироновича
приказ эл,ocr/orders_electronic/ocr_009.pdf,Архивная,68,,Тестникова,Татьяна,Назаровна,Тестникова Татьяна Назаровна,1947-10-18,8966 608781,,863681442718,2-8704/2033,,2031-12-04,2033-01-02,37703.74,37703.74,4000.00,1,Архивнова Николая Петровича
приказ эл,ocr/orders_electronic/ocr_010.pdf,Архивная,68,,Архивнов,Николай,Петрович,Архивнов Николай Петрович,1996-09-17,8431 170331,,834913101726,2-8704/2033,,2031-12-04,2033-01-02,37703.74,37703.74,4000.00,1,Тестниковой Татьяны Назаровны
приказ эл,ocr/orders_electronic/ocr_011.pdf,2-й,29,7/1,Условнова,Василиса,Романовна,Условнова Василиса Романовна,1982-04-30,8058 480536,,847763129153,2-8141/2033,2033-02-10,2028-05-05,2033-01-02,82002.96,82002.96,4000.00,1,Условновой Василисы Романовны
приказ,ocr/orders_scan/ocr_001.pdf,,,,Макетнов,Леонтий,Степанович,Макетнов Леонтий Степанович,1969-05-25,,,,2-8074/2029,2029-01-06,2025-07-03,2028-08-02,63008.92,2030.00,2030.00,3,"Макетнова Даниила Алексеевича, Макетнова Мирона Андреевича, Макетновой Юлии Николаевны"
приказ,ocr/orders_scan/ocr_002.pdf,,,,Учебникова,Ксения,Максимовна,Учебникова Ксения Максимовна,1949-04-03,,,,2-80398-84/2025,2025-11-11,,,284518.60,139449.40,,2,"шаблонцова Таисия Владимировна, аблонцова Таисия Владимировна"
приказ,ocr/orders_scan/ocr_003.pdf,,,,Образнова,Марина,Глебовна,Образнова Марина Глебовна,1996-04-17,,,,2-80773/2025,2025-11-11,2021-08-03,2025-08-02,70261.30,49111.14,,1,Образновой Дианы Сергеевны
приказ,ocr/orders_scan/ocr_004.pdf,,,,Наборнов,Глеб,Маркович,Наборнов Глеб Маркович,1969-12-29,,,,2-8700-85/2029,2029-01-10,2026-12-03,2028-11-01,148008.80,54806.38,3228.00,3,"Наборнова Филиппа Ивановича, Наборнова Арсения Владимировича, Бланкцовой Марины Михайловны"
приказ,ocr/orders_scan/ocr_005.pdf,40 лет,57Б,20,Примерников,Прохор,Борисович,Примерников Прохор Борисович,1982-10-21,,,,2-8047-37/2029,2029-09-20,2027-01-03,2029-08-02,84534.16,21886.84,1796.00,1,Примерникова Прохора Борисовича
ИЛ эл,ocr/writs_electronic/ocr_017.pdf,,,,Моделнов,Денис,Иванович,Моделнов Денис Иванович,1989-10-30,8962 357599,,810801625884,2-8179/2032,2032-12-03,2028-07-03,2029-05-18,52626.94,2185.10,8000.00,1,Текстновой Маргарите Владимировне
ИЛ эл,ocr/writs_electronic/ocr_018.pdf,Образцова,91,29,Текстнова,Маргарита,Владимировна,Текстнова Маргарита Владимировна,1989-01-17,8955 610540,,859282682282,2-8179/2032,2032-12-03,2028-07-03,2029-05-18,52626.94,2185.10,8000.00,1,Моделнову Денису Ивановичу
ИЛ эл,ocr/writs_electronic/ocr_019.pdf,Контурная,10,43,Бланкнова,Злата,Михайловна,Бланкнова Злата Михайловна,1974-09-21,8580 731124,,801833156746,2-8612/2032,2032-12-06,2025-05-05,2028-08-02,2000.00,2000.00,11490.00,1,Бланкнова Злата Михайловна
ИЛ эл,ocr/writs_electronic/ocr_020.pdf,Примеров,132,13,Макетцова,Таисия,Олеговна,Макетцова Таисия Олеговна,1969-04-12,8735 369412,,862152469440,2-8099/2032,2032-09-15,2026-07-03,2028-09-01,114666.18,114666.18,,1,Макетцова Таисия Олеговна
ИЛ эл,ocr/writs_electronic/ocr_021.pdf,Образцовая,26,74,Образцова,Варвара,Мироновна,Образцова Варвара Мироновна,1981-11-14,8882 127934,,877180858318,2-8187/2032,2032-11-30,2030-07-22,2032-02-02,78506.98,2000.00,8000.00,1,Образцова Варвара Мироновна
ИЛ эл,ocr/writs_electronic/ocr_022.pdf,Пробная,68 Б,27,Эталонникова,Злата,Назаровна,Эталонникова Злата Назаровна,1987-01-09,8154 585227,,890996018817,2-8818/2032,2032-12-06,2026-11-02,2029-02-01,124947.16,8000.00,10538.00,2,"Наборцовой Софье Савельевне, Шаблоннову Назару Максимовичу"
ИЛ эл,ocr/writs_electronic/ocr_023.pdf,Пробная,68 Б,27,Наборцова,Софья,Савельевна,Наборцова Софья Савельевна,1988-08-15,8404 509518,,872159338820,2-8818/2032,,2026-11-02,2029-02-01,62473.58,4000.00,538.00,2,"Эталонниковой Злате Назаровне, Шаблоннову Назару Максимовичу"
ИЛ,ocr/writs_scan/ocr_012.pdf,Макетная,5,139,Сводникова,Алёна,Тихоновна,Сводникова Алёна Тихоновна,1981-03-08,,,,Исполняющий,,2021-12-03,2023-01-02,41828.90,,,2,"Сводниковой Алисе Савельевне, Архивниковой Маргарите Павловне"
ИЛ,ocr/writs_scan/ocr_013.pdf,Тестовая,10,45,Регистрникова,Наталья,Алексеевна,Регистрникова Наталья Алексеевна,1967-08-12,,,,,,2015-02-02,2019-01-02,74823.70,23873.00,,1,Регистрникову Алексею Прохоровичу
ИЛ,ocr/writs_scan/ocr_014.pdf,,,,Шаблонникова,Вера,Андреевна,Шаблонникова Вера Андреевна,,,,,ИСПОЛНИТЕЛЬНЫЙ,,2019-09-03,2020-05-04,13961.58,374.70,,4,"Примерновой Василисе Филипповне, Смоловшему Олегу Владимировичу, Паблонникова Вера Андреевна, Примернов Марк Леонтьевич"
ИЛ,ocr/writs_scan/ocr_015.pdf,Примерная,24,172,Форматникову,Иван,Арсеньевич,Форматникову Иван Арсеньевич,1995-12-01,,,,2-85418/2020,,2017-02-02,2020-05-04,71196.96,28803.04,,6,"Форматникову Борису Кирилловичу, Форматниковой Василисе Сергеевне, Вариантникову Алексею Матвеевичу, Замерновой Анастасии Николаевне, Примерновой Арине Степановне, Форматниковой Людмилы Даниловны"
unknown,ocr/writs_scan/ocr_016.pdf,,,,,,,,,,,,,,,,,,,,
