sha256,doc_id,file,doc_type,doc_date,route_level,route_codes,review_flags,mail_eml,mail_sent,mail_to,mail_error,processed_at
8744a1bfaece329e89fe6af1cc5649accd7a721226527cbb727e925d4d46b4e9,fssp_001,fssp/O_IP_ACT_END_END/fssp_001.xml,постановление ФССП,2033-06-10,L2,FSSP_END_46_1_4,,out/ui/mail/fssp_001.eml,да,yudinaleksey-mljob@yandex.ru,,2026-10-04T21:31:58
021080ca5bc7ee486afbee64a29c6c7e146f3c723aadb0898307721f8e2730ba,fssp_002,fssp/O_IP_ACT_END_END/fssp_002.xml,постановление ФССП,2033-06-10,L2,FSSP_END_46_1_4,,out/mail/fssp_002.eml,сохранено .eml,yudinaleksey-mljob@yandex.ru,,2026-10-04T21:31:58
1de1d5a314f1e250bc55512f3da7afe0847eab1d3b326946e8e752fbde9783b6,fssp_003,fssp/O_IP_ACT_END_END/fssp_003.xml,постановление ФССП,2033-06-10,L2,FSSP_END_46_1_4,,out/mail/fssp_003.eml,сохранено .eml,yudinaleksey-mljob@yandex.ru,,2026-10-04T21:31:58
c39de351e019411bad77fe243702dd6de3ebd6b0917e55a2a81b2b651c596c9d,fssp_004,fssp/O_IP_ACT_END_END/fssp_004.xml,постановление ФССП,2033-06-10,L2,FSSP_END_46_1_4,,out/mail/fssp_004.eml,сохранено .eml,yudinaleksey-mljob@yandex.ru,,2026-10-04T21:31:58
caea64d26563fe94a766a6ac0a15c9112cd52ae9964c5e120b94add4d696aea0,fssp_005,fssp/O_IP_ACT_END_END/fssp_005.xml,постановление ФССП,2033-06-10,L2,FSSP_END_46_1_4,,out/mail/fssp_005.eml,сохранено .eml,yudinaleksey-mljob@yandex.ru,,2026-10-04T21:31:58
b941fd4c108000cc5e23456e5ae6b24a9d6b780973e060f900058f27f8ee42ea,fssp_006,fssp/O_IP_ACT_END_STOP/fssp_006.xml,постановление ФССП,2033-06-16,L2,FSSP_STOP_43,,out/mail/fssp_006.eml,сохранено .eml,yudinaleksey-mljob@yandex.ru,,2026-10-04T21:31:58
98b5ae66e5464d7c2fdb33cd8ea0e817e4897f79100784a30cc5ce980928552a,fssp_007,fssp/O_IP_ACT_END_STOP/fssp_007.xml,постановление ФССП,2033-06-10,L2,FSSP_STOP_43,,out/mail/fssp_007.eml,сохранено .eml,yudinaleksey-mljob@yandex.ru,,2026-10-04T21:31:58
4ef146c4d091b7b7a42374f644c134ffd2339315432f519a60c4641dac63dfda,fssp_008,fssp/O_IP_ACT_END_STOP/fssp_008.xml,постановление ФССП,2033-07-29,L2,FSSP_STOP_43,,out/mail/fssp_008.eml,сохранено .eml,yudinaleksey-mljob@yandex.ru,,2026-10-04T21:31:58
27b69cefeee3011eb3ef385decc30273fafde8b009c1832a8360fa4d490353bd,fssp_009,fssp/O_IP_ACT_END_STOP/fssp_009.xml,постановление ФССП,2033-03-18,L2,FSSP_STOP_43,,out/mail/fssp_009.eml,сохранено .eml,yudinaleksey-mljob@yandex.ru,,2026-10-04T21:31:58
cd0b5c8a29ab54d8a4f5501c77cae17c765099b908ba77a304cb84954798a7fb,fssp_010,fssp/O_IP_ACT_END_STOP/fssp_010.xml,постановление ФССП,2033-04-15,L2,FSSP_STOP_43,ARITH_CHECK_FAILED,out/mail/fssp_010.eml,сохранено .eml,yudinaleksey-mljob@yandex.ru,,2026-10-04T21:31:58
56ba798af21f47ad0ad072f55627955e33620e3656fa04ac47f2b1ff0ec34eeb,fssp_011,fssp/O_IP_ACT_REOPEN_CANCEL/fssp_011.xml,постановление ФССП,2033-08-04,L1,FSSP_REFUSAL_31,ARITH_CHECK_FAILED,out/mail/fssp_011.eml,сохранено .eml,yudinaleksey-mljob@yandex.ru,,2026-10-04T21:31:58
a87dfe9af075e450cd7b5a6879f9c33c8e50fc7ffa55a591369ac02b5a2aad20,fssp_012,fssp/O_IP_ACT_REOPEN_CANCEL/fssp_012.xml,постановление ФССП,2033-07-26,L1,FSSP_REFUSAL_31,,out/mail/fssp_012.eml,сохранено .eml,yudinaleksey-mljob@yandex.ru,,2026-10-04T21:31:58
8eb9f03decc17141c0fb950200c533c3d8a52599433a5899da6f941ae0605e18,fssp_013,fssp/O_IP_ACT_REOPEN_CANCEL/fssp_013.xml,постановление ФССП,2032-07-26,L1,FSSP_REFUSAL_31,REQUIRED_FIELD_MISSING,out/mail/fssp_013.eml,сохранено .eml,yudinaleksey-mljob@yandex.ru,,2026-10-04T21:31:58
e77706119420543cae2a2022a8cf1b043f11567f1776cab5b4bd75b175cccef2,fssp_014,fssp/O_IP_ACT_REOPEN_CANCEL/fssp_014.xml,постановление ФССП,2033-03-28,L1,FSSP_REFUSAL_31,LOW_CONFIDENCE,out/mail/fssp_014.eml,сохранено .eml,yudinaleksey-mljob@yandex.ru,,2026-10-04T21:31:58
eab485b1be6505d2977c84f5fa3cf6e8b1a2cdb95ad18a25a5f081b01a4b0f0f,fssp_015,fssp/O_IP_ACT_REOPEN_CANCEL/fssp_015.xml,постановление ФССП,2033-03-30,L1,FSSP_REFUSAL_31,,out/mail/fssp_015.eml,сохранено .eml,yudinaleksey-mljob@yandex.ru,,2026-10-04T21:31:58
65a7f1462e65cf5bf67173a6f4f777fe3d33c26d15312bde49cab249115f11e7,fssp_016,fssp/O_IP_ACT_RETURN/fssp_016.xml,постановление ФССП,2032-05-17,L2,FSSP_RETURN_46_1_4,,out/mail/fssp_016.eml,сохранено .eml,yudinaleksey-mljob@yandex.ru,,2026-10-04T21:31:58
b0b448945d8f48ffb385a4938c52968d57d1be58dfa974e87759e21b6d4e688c,fssp_017,fssp/O_IP_ACT_RETURN/fssp_017.xml,постановление ФССП,2032-04-30,L2,FSSP_RETURN_46_1_4,,out/mail/fssp_017.eml,сохранено .eml,yudinaleksey-mljob@yandex.ru,,2026-10-04T21:31:58
30d5ad0ee5588e3ac1aaaa4afcbd2d00a2b24be7f8a87282bc6d668aa7c94618,fssp_018,fssp/O_IP_ACT_RETURN/fssp_018.xml,постановление ФССП,2032-05-14,L2,FSSP_RETURN_46_1_4,,out/mail/fssp_018.eml,сохранено .eml,yudinaleksey-mljob@yandex.ru,,2026-10-04T21:31:58
cbc39cac5778bccc98fdeb6ed2dd904bf5e0fe50715c3af59364f3ebee56b2f7,fssp_019,fssp/O_IP_ACT_RETURN/fssp_019.xml,постановление ФССП,2032-05-14,L2,FSSP_RETURN_46_1_4,,out/mail/fssp_019.eml,сохранено .eml,yudinaleksey-mljob@yandex.ru,,2026-10-04T21:31:58
18e536b72142167a267f8a7df96505f164755a4f559b63326df04abac8e3ba74,fssp_020,fssp/O_IP_ACT_RETURN/fssp_020.xml,постановление ФССП,2032-05-14,L2,FSSP_RETURN_46_1_4,,out/mail/fssp_020.eml,сохранено .eml,yudinaleksey-mljob@yandex.ru,,2026-10-04T21:31:58
5e76916d63de5158d644df1485a763efcfdd1aa5e0e0d0be58a2a5ba2c88c05a,fssp_021,fssp/O_IP_RES_REOPEN/fssp_021.xml,постановление ФССП,2033-06-09,L3,FSSP_OPENED,,,не требуется,,,2026-10-04T21:31:58
96e9cb7a27fda9fc2bec948d083e48bcde3900a28156b8e4a96a6d5d7c509acc,ocr_001,ocr/orders_scan/ocr_001.pdf,приказ,2029-01-06,L2,NO_DEBTOR_ID;MULTI_DEBTOR,,out/ui/mail/ocr_001.eml,да,yudinaleksey-mljob@yandex.ru,,2026-10-04T21:31:58
b2f39bc0839e942a729504cb0d7bd4ca0fc1b5931a273c9d8a42b3db04d19a5b,ocr_002,ocr/orders_scan/ocr_002.pdf,приказ,2025-11-11,L2,NO_DEBTOR_ID;MULTI_DEBTOR,,out/mail/ocr_002.eml,сохранено .eml,yudinaleksey-mljob@yandex.ru,,2026-10-04T21:31:58
6346b412929d41a0792b06941633060aaea12e0811317916c8e385c4aa98d071,ocr_003,ocr/orders_scan/ocr_003.pdf,приказ,2025-11-11,L2,NO_DEBTOR_ID,,out/mail/ocr_003.eml,сохранено .eml,yudinaleksey-mljob@yandex.ru,,2026-10-04T21:31:58
846e92954f782329975d622d01243d974a57a9751d5aee4182728fd0a107dc24,ocr_004,ocr/orders_scan/ocr_004.pdf,приказ,2029-01-10,L2,NO_DEBTOR_ID;MULTI_DEBTOR,,out/mail/ocr_004.eml,сохранено .eml,yudinaleksey-mljob@yandex.ru,,2026-10-04T21:31:58
63692a88b6e512a947397a0e0c7498995417f7f52c5be5b65f262acb1115fb68,ocr_005,ocr/orders_scan/ocr_005.pdf,приказ,2029-09-20,L2,NO_DEBTOR_ID,,out/mail/ocr_005.eml,сохранено .eml,yudinaleksey-mljob@yandex.ru,,2026-10-04T21:31:58
ec452ff912731f191765054ea974b822ad120f14a45ffb06288b2c74ee8ae6c0,ocr_006,ocr/orders_electronic/ocr_006.pdf,приказ эл,,L3,MULTI_DEBTOR,REQUIRED_FIELD_MISSING,out/mail/ocr_006.eml,сохранено .eml,yudinaleksey-mljob@yandex.ru,,2026-10-04T21:31:58
42332c32871a8c5e8c9e58fee9c0f1a136d4bba16b81890fb7a3eecb2cbea83e,ocr_007,ocr/orders_electronic/ocr_007.pdf,приказ эл,,L3,MULTI_DEBTOR,REQUIRED_FIELD_MISSING,out/mail/ocr_007.eml,сохранено .eml,yudinaleksey-mljob@yandex.ru,,2026-10-04T21:31:58
e6c3405fb95747670a1c737dca74c981846ccda49c2b57a1741c91a1a453b861,ocr_008,ocr/orders_electronic/ocr_008.pdf,приказ эл,,L3,,REQUIRED_FIELD_MISSING,out/mail/ocr_008.eml,сохранено .eml,yudinaleksey-mljob@yandex.ru,,2026-10-04T21:31:58
5a53050650694fc7d9293bac4b36b4475d3310a60f29712aca5605e299976dce,ocr_009,ocr/orders_electronic/ocr_009.pdf,приказ эл,,L3,,REQUIRED_FIELD_MISSING,out/mail/ocr_009.eml,сохранено .eml,yudinaleksey-mljob@yandex.ru,,2026-10-04T21:31:58
0c54023f24f7d90d2080081319d8d2e4cbf831448b5b1159945861d29e365808,ocr_010,ocr/orders_electronic/ocr_010.pdf,приказ эл,,L3,,REQUIRED_FIELD_MISSING,out/mail/ocr_010.eml,сохранено .eml,yudinaleksey-mljob@yandex.ru,,2026-10-04T21:31:58
e6603856ce85f59ce799babc11991d46d740abc263c164bf9dd93856a1484ab2,ocr_011,ocr/orders_electronic/ocr_011.pdf,приказ эл,2033-02-10,L3,,,,не требуется,,,2026-10-04T21:31:58
b841e2931adaecefedbf1f785c0ef24e86199415d8c59113d2986c6bd64a7864,ocr_012,ocr/writs_scan/ocr_012.pdf,ИЛ,,L2,NO_DEBTOR_ID;MULTI_DEBTOR,REQUIRED_FIELD_MISSING,out/mail/ocr_012.eml,сохранено .eml,yudinaleksey-mljob@yandex.ru,,2026-10-04T21:31:58
05703cf23261f3761d50f0666dd0c27b82cd4f2bc9f832c62dde13e44bb2e05a,ocr_013,ocr/writs_scan/ocr_013.pdf,ИЛ,,L2,NO_DEBTOR_ID,REQUIRED_FIELD_MISSING,out/mail/ocr_013.eml,сохранено .eml,yudinaleksey-mljob@yandex.ru,,2026-10-04T21:31:58
7b57994172922e5c13ff436b7db6d4f7663a958b0037b706afba53e0e8b474c0,ocr_014,ocr/writs_scan/ocr_014.pdf,ИЛ,,L2,NO_DEBTOR_ID;MULTI_DEBTOR,REQUIRED_FIELD_MISSING,out/mail/ocr_014.eml,сохранено .eml,yudinaleksey-mljob@yandex.ru,,2026-10-04T21:31:58
9f622e0e2d0853b74d09b7028145b421e999415722b3be4706e81321ab5bb58c,ocr_015,ocr/writs_scan/ocr_015.pdf,ИЛ,,L2,NO_DEBTOR_ID;MULTI_DEBTOR,REQUIRED_FIELD_MISSING,out/mail/ocr_015.eml,сохранено .eml,yudinaleksey-mljob@yandex.ru,,2026-10-04T21:31:58
0600f7e529a0778b5ef0e9e4670cd7094af3473f5647ebb145d79bdc446794e1,ocr_016,ocr/writs_scan/ocr_016.pdf,unknown,,L3,,UNCLASSIFIED,out/mail/ocr_016.eml,сохранено .eml,yudinaleksey-mljob@yandex.ru,,2026-10-04T21:31:58
a67e89e32580a53f492f93c5bcb9d94eac0ea5882d4bdf6a88e3ce8746ec47a1,ocr_017,ocr/writs_electronic/ocr_017.pdf,ИЛ эл,2032-12-03,L3,,,,не требуется,,,2026-10-04T21:31:58
06c56e3bbd5ee355ba60e301239dff69ba751ea62dfa99eced7ad06e300e4657,ocr_018,ocr/writs_electronic/ocr_018.pdf,ИЛ эл,2032-12-03,L3,,,,не требуется,,,2026-10-04T21:31:58
4b6991a970bfbb0ce172d4b46f5fa9f867fd70cb765b4665df48fa0b6a35eaa6,ocr_019,ocr/writs_electronic/ocr_019.pdf,ИЛ эл,2032-12-06,L3,,,,не требуется,,,2026-10-04T21:31:58
0df743873c7e64b444697e6db6f9f1be42348e97a42ebcd9cf3ae7f0952b07e3,ocr_020,ocr/writs_electronic/ocr_020.pdf,ИЛ эл,2032-09-15,L3,,,,не требуется,,,2026-10-04T21:31:58
cee9c8dc97bebae81022441b5d6767de75ef1c7b39f095308d3501faa016d3bd,ocr_021,ocr/writs_electronic/ocr_021.pdf,ИЛ эл,2032-11-30,L3,,,,не требуется,,,2026-10-04T21:31:58
cf08fd6a4d9036be1a0704ecd338420d76c00bd6b2e5d4e5cce2a92fb28a8962,ocr_022,ocr/writs_electronic/ocr_022.pdf,ИЛ эл,2032-12-06,L3,MULTI_DEBTOR,,,не требуется,,,2026-10-04T21:31:58
b427cae748a59a61d98ee6ae6781979f2a813377114fe053a2416c23b5e3e9a7,ocr_023,ocr/writs_electronic/ocr_023.pdf,ИЛ эл,,L3,MULTI_DEBTOR,REQUIRED_FIELD_MISSING,out/mail/ocr_023.eml,сохранено .eml,yudinaleksey-mljob@yandex.ru,,2026-10-04T21:31:58
b5d5b9c2dab45b2f4211b8c9883d58a6f78ce3bc70ad22f540109a9a3c63dde2,Акт_01,acts/Акт_01.pdf,судебный акт (решение),,L2,ACT_PARTIAL_REFUSAL,,out/mail/Акт_01.eml,сохранено .eml,yudinaleksey-mljob@yandex.ru,,2026-10-04T21:31:58
ad203b6133800cbb68ab7069f3efabc9ba09c4629d60349d5c1db1ecaa16d54c,Акт_02,acts/Акт_02.pdf,судебный акт (определение),,L1,ACT_LEFT_WITHOUT_MOTION,,out/ui/mail/Акт_02.eml,да,yudinaleksey-mljob@yandex.ru,,2026-10-04T21:31:58
beba06420a9265d50b50dbf72c7f9ba2357f00411e05326f293108b19170e99e,Акт_03,acts/Акт_03.pdf,судебный акт (решение),,L2,ACT_FEE_REFUND,,out/mail/Акт_03.eml,сохранено .eml,yudinaleksey-mljob@yandex.ru,,2026-10-04T21:31:58
6503dacbfa9df665387c140441a2bc5f88d547fe1fb7aef1a81df22bd8b45fd8,Акт_04,acts/Акт_04.pdf,судебный акт (определение),,L2,ACT_RETURNED,,out/mail/Акт_04.eml,сохранено .eml,yudinaleksey-mljob@yandex.ru,,2026-10-04T21:31:58
a4245ad3b2fbb8ee3caf182d57e64842771de4d809d11d355f124b1ffb9e2536,Акт_05,acts/Акт_05.pdf,судебный акт (определение),,L1,ACT_LEFT_WITHOUT_CONSIDERATION;ACT_FEE_REFUND,,out/mail/Акт_05.eml,сохранено .eml,yudinaleksey-mljob@yandex.ru,,2026-10-04T21:31:58
9a0f3398a26f0dd9cfc1892e025065c9653a3501d935ef38b780f50d4935b129,Акт_06,acts/Акт_06.pdf,судебный акт (определение),,L2,ACT_LEFT_WITHOUT_CONSIDERATION;ACT_FEE_REFUND,,out/ui/mail/Акт_06.eml,да,yudinaleksey-mljob@yandex.ru,,2026-10-04T21:31:58
d1fdd45b0e944a7eff12dd1cf094396d72f0c66626921995295735687b1b5e57,Акт_07,acts/Акт_07.pdf,судебный акт (решение),,L1,ACT_CLAIM_DENIED;ACT_FEE_REFUND,,out/mail/Акт_07.eml,сохранено .eml,yudinaleksey-mljob@yandex.ru,,2026-10-04T21:31:58
a5dc97237f80221a7c5314627e70a3f4ef53b3eff91746e1d7cf701c46d0564b,Акт_08,acts/Акт_08.pdf,судебный акт (постановление),,L2,ACT_DECISION_REVERSED,,out/mail/Акт_08.eml,сохранено .eml,yudinaleksey-mljob@yandex.ru,,2026-10-04T21:31:58
9d9d878868149ec947a7ddf730c8293a107222602fe9e7086a9f1258fd041ca6,Акт_09,acts/Акт_09.pdf,судебный акт (постановление),,L2,ACT_DECISION_REVERSED;ACT_NEW_TRIAL,,out/mail/Акт_09.eml,сохранено .eml,yudinaleksey-mljob@yandex.ru,,2026-10-04T21:31:58
8286123b10bce0f74e9c292e944217d537dea47df4503b6a45298b06370f3738,Акт_10,acts/Акт_10.pdf,судебный акт (определение),,L2,ACT_PROCEEDINGS_TERMINATED;ACT_FEE_REFUND,,out/mail/Акт_10.eml,сохранено .eml,yudinaleksey-mljob@yandex.ru,,2026-10-04T21:31:58
3cc1144286e05fb46af744663f7cac8ea01f87ddec40f5a87ffac314d390ab2c,Акт_11,acts/Акт_11.pdf,судебный акт (определение),,L1,ACT_SETTLEMENT_APPROVED;ACT_PROCEEDINGS_TERMINATED;ACT_FEE_REFUND,,out/mail/Акт_11.eml,сохранено .eml,yudinaleksey-mljob@yandex.ru,,2026-10-04T21:31:58
