FileName,DocType,DocType2,DebtorType,DocDate,IdDebtText,IdDocNo,IdDocDate,IdDeloNo,IdDeloDate,IdDebtSum,IpNo,IdType,DbtrAdr,street,dom,kv,DbtrName,date_start,date_end,rub_deb,rub_peni,rub_poshlina,rub_post
fssp/O_IP_ACT_END_END/fssp_001.xml,O_IP_ACT_END_END,Постановление об окончании ИП,2,2033-06-10,"Взыскать солидарно с должника(ов): Пробова Варвара Тихоновна, 21.06.2009 года рождения, место рождения г. Тест, ИНН 834340632798, Пробов Назар Назарович, 17.04.2008 года рождения, место рождения г. Тест, ИНН 814083822493, место работы не известно, адрес: 644117 г. Тест ул. 4-я Условная д. 62, кв. 56, в пользу взыскателя - АО «Тест РТС», расположенного по адресу: 644037, г. Тест, ул. Шаблонная, д. 10, ИНН 8016874059, ОГРН 8642767001947, КПП 863182317, дата внесения записи в ЕГРЮЛ 03.08.2021 года,  задолженность за потребленную тепловую энергию за период с 03.01.2031 по 02.12.2032 в размере 88300,94 руб., пени в размере 41622,76 руб. за период с 03.01.2031 по 02.12.2032, а также расходы по уплате государственной пошлины в размере 4000,00 руб., почтовые расходы в размере 364,80 руб.",55MS0069#2-8540/2033#8,2033-03-31,2-8540/2033,2033-03-31,134288.50,835049/33/55003-ИП,4,"643,644086,55,,,Тест,22 Пробная,9,23","г Тест, ул. 22 Пробная",9,23,Пробов Назар Назарович,2031-01-03,2032-12-02,88300.94,41622.76,4000.00,364.80
fssp/O_IP_ACT_END_END/fssp_002.xml,O_IP_ACT_END_END,Постановление об окончании ИП,2,2033-06-10,"Взыскать с  должника: Макетова Светлана Савельевна, 19.09.1974 года рождения, место рождения г. Тест, паспорт 8894 070461, ИНН 850682136211, место работы не известно, адрес 644076 г. Тест, ул. Примеренко, д. 5, кв. 71 в пользу взыскателя - АО «Тест РТС», расположенного по адресу: 644037, г. Тест, ул. Шаблонная, д. 10, ИНН 8016874059, ОГРН 8642767001947, КПП 863182317, дата внесения записи в ЕГРЮЛ 03.08.2021 года,  задолженность за потребленную тепловую энергию за период с 05.06.2030 по 02.12.2032 в размере 139167,46 руб., пени в размере 288064,36 руб. за период с 05.06.2030 по 02.12.2032, а также расходы по уплате государственной пошлины в размере 7408,00 руб., судебные расходы по отправке почтовой корреспонденции в размере 182,40 руб. Судебный приказ одновременно является исполнительным документом.  Должник вправе в десятидневный срок со дня получения копии судебного приказа представить возражения относительно его исполнения мировому судье, вынесшему судебный приказ.",55MS0072#2-8104/2033#1,2033-03-31,2-8104/2033,2033-03-31,434822.22,877036/33/55003-ИП,4,"643,644076,55,,Тест,,Примеренко,5,71","г Тест, ул. Примеренко",5,71,Макетова Светлана Савельевна,2030-06-05,2032-12-02,139167.46,288064.36,7408.00,
fssp/O_IP_ACT_END_END/fssp_003.xml,O_IP_ACT_END_END,Постановление об окончании ИП,2,2033-06-10,"Взыскать с  должника: Образова Людмила Прохоровна, 10.12.1989 года рождения, место рождения г. Тест, паспорт 8135 193770, ИНН 813785275662, место работы не известно, адрес 644076 г. Тест, ул. Шаблоненко, д. 3, кв. 112, в пользу взыскателя - АО «Тест РТС», расположенного по адресу: 644037, г. Тест, ул. Шаблонная, д. 10, ИНН 8016874059, ОГРН 8642767001947, КПП 863182317, дата внесения записи в ЕГРЮЛ 03.08.2021 года,  задолженность за потребленную тепловую энергию за период с 03.01.2031 по 02.12.2032 в размере 112703,04 руб., пени в размере 57153,04 руб. за период с 03.01.2031 по 02.12.2032, а также расходы по уплате государственной пошлины в размере 4000,00 руб., судебные расходы по отправке почтовой корреспонденции в размере 182,40 руб. Судебный приказ одновременно является исполнительным документом.  Должник вправе в десятидневный срок со дня получения копии судебного приказа представить возражения относительно его исполнения мировому судье, вынесшему судебный приказ.",55MS0072#2-8889/2033#2,2033-03-31,2-8889/2033,2033-03-31,174038.48,872537/33/55003-ИП,4,"643,644076,55,,Тест,,Шаблоненко,3,112","г Тест, ул. Шаблоненко",3,112,Образова Людмила Прохоровна,2031-01-03,2032-12-02,112703.04,57153.04,4000.00,
fssp/O_IP_ACT_END_END/fssp_004.xml,O_IP_ACT_END_END,Постановление об окончании ИП,2,2033-06-10,"Взыскать солидарно  с должников: Учов Елисей Леонтьевич, 18.08.1977 г.р., м.р. г. Тест, паспорт 8176 817660. Учов Леонтий Прохорович, 31.03.1963 г.р., м.р. г. Тест, паспорт 8001 893591, место работы должников неизвестно, адрес: 644023, г. Тест, ул. 5 Образцовая, д. 50, кв. 138, в пользу взыскателя - АО «Тест РТС», расположенного по адресу: 644037, г. Тест, ул. Шаблонная, д. 10, ИНН 8016874059, ОГРН 8642767001947, КПП 863182317, дата внесения записи в ЕГРЮЛ 03.08.2021 года, о вынесении судебного приказа на взыскание задолженности за потребленную тепловую энергию за период с 04.04.2025 по 02.08.2032 в размере 122546,36 руб., пени в размере 26698,78 руб., за период с 04.04.2025 по 02.08.2032, судебные расходы в размере 182,40 руб., а также расходы по уплате государственной пошлины в размере 4000,00 руб.",55MS0067#2-8153/2033#13,2033-04-05,2-8153/2033,2033-01-29,153427.54,810782/33/55003-ИП,4,"643,644023,55,,Тест,,5 Образцовая,50,138","г Тест, ул. Образцовая 5-я",50,138,Учов Елисей Леонтьевич,2025-04-04,2032-08-02,122546.36,26698.78,4000.00,
fssp/O_IP_ACT_END_END/fssp_005.xml,O_IP_ACT_END_END,Постановление об окончании ИП,2,2033-06-10,"Взыскать солидарно с должников: Регистрова Анна Арсеньевна, 07.04.1988 года рождения, место рождения г. Тест, паспорт 8027863553, Регистрова Татьяна Филипповна, 09.01.2012 года рождения, место рождения г. Тест, паспорт 8445350594, место жительства, 644117, г. Тест, ул. Примерный пер., д. 38Б, к. 71,72, в пользу взыскателя - АО «Тест РТС», расположенного по адресу: 644037, г. Тест, ул. Шаблонная, д. 10, ИНН 8016874059, ОГРН 8642767001947, КПП 863182317, дата внесения записи в ЕГРЮЛ 03.08.2021 года,  задолженность за потребленную тепловую энергию за период с 03.07.2030 по 02.07.2032 в размере 112371,78 руб., пени в размере 110183,68 руб. за период с 03.07.2030 по 02.07.2032, почтовые расходы в размере 364,80 руб., а также расходы по уплате государственной пошлины в размере 4338 руб. ",55MS0069#2-8527/2033#7,2033-02-03,2-8527/2033,2033-02-03,227258.26,825393/33/55003-ИП,4,"643,644117,55,,Тест,,Примерный,38 Б,71/72","г Тест, пер. Примерный",38/Б,71/72,Регистрова Анна Арсеньевна,2030-07-03,2032-07-02,112371.78,110183.68,4338.00,364.80
fssp/O_IP_ACT_END_STOP/fssp_006.xml,O_IP_ACT_END_STOP,Постановление о прекращении ИП,2,2033-06-16,"Р Е Ш И Л : 	 Взыскать с Услововой Татьяны Матвеевны, 24.04.1961 года рождения, место рождения: г. Тест, паспорт: серия 5203 номер 266334, адрес: г. Тест, пр-кт Макетчиков, д. 49 кв. 120,  в пользу Акционерного общества «Омские распределительные тепловые сети», ИНН 8016874059, ОГРН 8642767001947, расположенного по адресу: 644037, г. Тест,      ул. Шаблонная, д. 10, задолженность за потребленную тепловую энергию по адресу: г. Тест, пр-кт Макетчиков, д. 49 кв. 120, за период с 04.04.2030 по 01.09.2032 в размере 110776,92 рублей, пени за период с 04.04.2030 по 01.09.2032 в размере 27027,36 рублей, а также расходы по оплате государственной пошлины в размере 4000 рублей. Судебный приказ является одновременно исполнительным документом.  Срок предъявления судебного приказа к исполнению три года. Должник в течение десяти дней со дня получения судебного приказа имеет право предоставить свои возражения относительно его исполнения в порядке ст. 128 ГПК РФ, что влечет отмену судебного приказа в соответствии со ст. 129 ГПК РФ.    Мировой судья                                                                                      В.Д. Разметнова",55MS0053#2-8722/2033#1,2033-02-23,2-8722/2033,2033-02-18,141804.28,822849/33/55002-ИП,4,"643,,55,,Тест,,Макетчиков,49,120","г Тест, пр-кт Макетчиков",49,120,Условова Татьяна Матвеевна,2030-04-04,2032-09-01,110776.92,27027.36,4000.00,
fssp/O_IP_ACT_END_STOP/fssp_007.xml,O_IP_ACT_END_STOP,Постановление о прекращении ИП,2,2033-06-10,"Взыскать солидарно с должника(ов): Вариантова Вероника Глебовна, 24.09.2001 года рождения, место рождения: г. Тест, ИНН 837943104693, Вариантов Филипп Леонтьевич, 08.05.1978 года рождения, место рождения: г. Лениногорск Восточно-Казахстанской области, ИНН 851853866503, Вариантов Арсений Данилович, 06.04.1999 года рождения, место рождения: Февральск Селемджинского района Амурской области, ИНН 881953511935, адрес: 644018, г. Тест, ул. 6 Модельная, д. 71 кв. 16, в пользу взыскателя - АО «Тест РТС», расположенного по адресу: 644037, г. Тест, ул. Шаблонная, д. 10, ИНН 8016874059, ОГРН 8642767001947, КПП 863182317, дата внесения записи в ЕГРЮЛ 03.08.2021 года,  задолженность за потребленную тепловую энергию за период с 04.01.2032 по 02.01.2033 в размере 109374,90 руб., пени в размере 9043,56 руб. за период с 04.01.2032 по 02.01.2033, а также расходы по уплате государственной пошлины в размере 4000,00 руб., почтовые расходы в размере 547,20 руб. Судебный приказ одновременно является исполнительным документом.  Должник вправе в десятидневный срок со дня получения копии судебного приказа представить возражения относительно его исполнения мировому судье, вынесшему судебный приказ.",55MS0069#2-8088/2033#10,2033-05-30,2-8088/2033,2033-05-28,122965.66,82184/33/55003-ИП,4,"643,644018,55,,Тест,,6 Модельная,62В,16","г Тест, ул. Модельная 6-я",62/В,16,Вариантова Вероника Глебовна,2032-01-04,2033-01-02,109374.90,9043.56,4000.00,547.20
fssp/O_IP_ACT_END_STOP/fssp_008.xml,O_IP_ACT_END_STOP,Постановление о прекращении ИП,2,2033-07-29,"Взыскать солидарно  с должников: Моделова Екатерина Борисовна, 14.03.1998 года рождения, место рождения г. Тест, паспорт 8021 233954, место работы не известно,  Моделова Наталья Арсеньевна, 04.01.1978 года рождения, место рождения г. Тест, паспорт 8652 284866, место работы не известно, адрес проживания: 644023 г. Тест ул. Учебный городок д. 5А с13к71, в пользу взыскателя - АО «Тест РТС», расположенного по адресу: 644037, г. Тест, ул. Шаблонная, д. 10, ИНН 8016874059, ОГРН 8642767001947, КПП 863182317, дата внесения записи в ЕГРЮЛ 03.08.2021 года, о вынесении судебного приказа на взыскание задолженности за потребленную тепловую энергию за период с 05.05.2030 по 02.10.2032 в размере 62392,14 руб., пени в размере 113581,40 руб., за период с 05.05.2030 по 02.10.2032, судебные расходы в размере 364,80 руб., а также расходы по уплате государственной пошлины в размере 4000,00 руб. Судебный приказ одновременно является исполнительным документом.  Должник вправе в десятидневный срок со дня получения копии судебного приказа представить возражения относительно его исполнения мировому судье, вынесшему судебный приказ.",55MS0067#2-8015/2033#10,2033-01-19,2-8015/2033,2033-01-19,180338.34,862176/33/55003-ИП,4,"643,644023,55,,Тест,,Учебный,5А,с13к70-71","г Тест, городок. Учебный",5/А,с13к70-71,Моделова Екатерина Борисовна,2030-05-05,2032-10-02,62392.14,113581.40,4000.00,
fssp/O_IP_ACT_END_STOP/fssp_009.xml,O_IP_ACT_END_STOP,Постановление о прекращении ИП,2,2033-03-18,"Взыскать с должника Мовой Василисе Денисовне, 03.01.1982 года рождения, место рождения: Пробная область г. Тест, паспорт: 8543 276103, регистрация по месту жительства: 644065, г. Тест, ул. 18 Учебная, д. 34, сек. 4, ком. 35, в пользу Акционерного общества «Тест РТС» (ИНН 8016874059) задолженность за отпущенную тепловую энергию, образовавшуюся по адресу: 644065, г. Тест, ул. 18 Учебная, д. 34, сек. 4, ком. 35 (собственник) за период с 05.06.2030 по 02.12.2032 в размере 39312,46 руб., пени за период с 05.06.2030 по 02.12.2032 в размере 13882,34 руб., а также расходы по оплате государственной пошлины в размере 4000,00 руб. Срок предъявления к исполнению три года. Должник вправе в десятидневный срок со дня получения копии судебного приказа представить возражения относительно его исполнения мировому судье, вынесшему судебный приказ. ",55MS0117#2-8149/2033#1,2033-02-16,2-8149/2033,2033-02-10,57194.80,867311/33/55004-ИП,4,"643,644065,55,,г. Тест,,18 Учебная,34,с4к35","г Тест, ул. 18 Учебная",34,с4к35,Мова Василиса Денисовна,2030-06-05,2032-12-02,39312.46,13882.34,4000.00,
fssp/O_IP_ACT_END_STOP/fssp_010.xml,O_IP_ACT_END_STOP,Постановление о прекращении ИП,2,2033-04-15,"Взыскать   солидарно с  должников:  Бланковой Анны Романовны, 06.10.1991 года рождения, место рождения: г. Тестоград, Учебная страна, паспорт: 8069 628925;  Учебновой Светланы Павловны, 13.03.2013 года рождения, место рождения г.Тест, паспорт 8770 № 330617;  Архивцова Савелия Кирилловича, 12.05.1986 года рождения, место рождения: с. Тестовка Образцовый р-н Пробная обл., паспорт: 8003 281384, адрес должников: г.Тест, ул. Учебная, д. 128,кв.98, в пользу АО «Тест РТС», ОГРН 8642767001947, ИНН 8016874059, КПП 863182317, адрес: 644037, г. Тест, ул. Шаблонная, д. 10, задолженность по оплате за потребленную тепловую энергию за период с 04.10.2031 по 02.01.2033 в размере 125196,88 руб., (отопление-88599,26 руб., ГВС-36597,62 руб), пени в размере 108482,18 руб. за период 04.10.2031 по 02.01.2033, а также расходы по уплате государственной пошлины в размере 4000 руб. Судебный приказ одновременно является исполнительным документом.  Должник вправе в десятидневный срок со дня получения копии судебного приказа представить возражения относительно его исполнения мировому судье, вынесшему судебный приказ.			",55MS0091#2-8531/2033#1,2033-03-22,2-8531/2033,2033-03-22,238185.06,8096686/33/55006-ИП,4,"643,,55,,,Тест,Учебная,128,98","г Тест, ул. Учебная",128,98,Бланкова Анна Романовна,2031-10-04,2033-01-02,125196.88,108482.18,4000.00,
fssp/O_IP_ACT_REOPEN_CANCEL/fssp_011.xml,O_IP_ACT_REOPEN_CANCEL,Постановление об отказе в возбуждении ИП,2,2033-08-04,"Взыскать солидарно с  Условцова Назара Матвеевича, 08.11.2013 года рождения, место рождения: г. Тест, паспорт: 8727 913620, ИНН 881310045038, Замерцова Арсения Степановича, 25.03.1993 года рождения, место рождения: г. Тест, паспорт: 8199 451480, ИНН 863850459324, Шаблоновой (Условцова) Татьяны Андреевны, 15.02.1992 года рождения, место рождения: г. Тест, паспорт: 8507 420044, ИНН 860151012027, проживают по адресу: г. Тест, ул. 10-я Чередовая, д. 26, кв. 53, в пользу Акционерного общества «Тест РТС» задолженность за потребленную тепловую энергию по адресу: г. Тест, ул. 10-я Чередовая, д. 26, кв. 53, за период с 03.07.2030 г. по 03.04.2033 г. в размере 234156,36 руб., пени за период с 03.07.2030 г. по 03.04.2033 г. в размере 410801,08 руб., почтовые расходы в размере 729,60 руб., а также расходы по уплате государственной пошлины в размере 10562,00 руб.",55MS0059#2-800/2033#1,2033-08-01,2-800/2033,2033-07-30,656250.00,80440/33/55002-ИП,4,"643,,55,,,Тест,11 Контурная,26,53","г Тест, ул. Контурная 11-я",26,53,Шаблонова Татьяна Андреевна,2030-07-03,2033-04-03,234156.36,410801.08,10562.00,729.60
fssp/O_IP_ACT_REOPEN_CANCEL/fssp_012.xml,O_IP_ACT_REOPEN_CANCEL,Постановление об отказе в возбуждении ИП,2,2033-07-26,"Взыскать с должника:  Зова Софья Николаевна, 21.03.2007 года рождения, место рождения г. Тест, ИНН 816992450064,  СНИЛС 88794507675, место работы не известно, адрес: 644023 г. Тест ул. Учебный городок д. 3А сек. 12 к. 61 в пользу взыскателя - АО «Тест РТС», расположенного по адресу: 644037, г. Тест, ул. Шаблонная, д. 10, ИНН 8016874059, ОГРН 8642767001947, КПП 863182317, дата внесения записи в ЕГРЮЛ 03.08.2021,  задолженность за потребленную тепловую энергию, за период с 03.01.2031 по 02.07.2032 в размере 34567,82 руб., пени в размере 46514,16 руб. за период с 03.01.2031 по 02.07.2032, а также расходы по уплате государственной пошлины в размере 4000,00 руб., судебные расходы по отправке почтовой корреспонденции в размере 182,40 руб. Судебный приказ одновременно является исполнительным документом.  Должник вправе в десятидневный срок со дня получения копии судебного приказа представить возражения относительно его исполнения мировому судье, вынесшему судебный приказ.",55MS0067#2-8413/2033#4,2033-07-21,2-8413/2033,2033-06-16,85264.38,836021/33/55003-ИП,4,"643,644023,55,,Тест,,Учебный ,3а,к61с12","г Тест, городок. Учебный",3/а,к61с12,Зова Софья Николаевна,2031-01-03,2032-07-02,34567.82,46514.16,4000.00,
fssp/O_IP_ACT_REOPEN_CANCEL/fssp_013.xml,O_IP_ACT_REOPEN_CANCEL,Постановление об отказе в возбуждении ИП,2,2032-07-26," Взыскать в пользу АО «Тест РТС» (ИНН 8016874059) солидарно с ответчиков Своднова Николая Глебовича 24.07.1989 года рождения (паспорт 8367 613159), Текстцовой Софьи Марковны 12.12.2010 года рождения (8367 613159), Своднова Савелия Викторовича 23.02.1962 года рождения (паспорт 8604 608676), Сводновой Ульяны Денисовны 27.03.1993 года рождения (паспорт 8675 426408), Своднова Савелия Петровича 26.03.1999 года рождения (паспорт 8320 458172), Сводновой Юлии Ивановны 06.09.1994 года рождения (паспорт 8604 608676), Своднова Леонтия Романовича 23.09.1997 года рождения (паспорт 8456 743228) задолженность за потребленную тепловую энергию за период с 01.11.20217 по 13.04.2027 в размере 98756,44 рублей, пени в размере 9000 рублей за период с 05.03.2025 по 13.04.2027, а также расходы по оплате государственной пошлины в размере 3938 рублей. Взыскать в пользу АО «Тест РТС» (ИНН 8016874059) солидарно с ответчиков Своднова Николая Глебовича 24.07.1989 года рождения (паспорт 8367 613159) , Текстцовой Софьи Марковны 12.12.2010 года рождения (8367 613159), Своднова Савелия Викторовича 23.02.1962 года рождения (паспорт 8604 608676), Сводновой Ульяны Денисовны 27.03.1993 года рождения (паспорт 8675 426408), Своднова Савелия Петровича 26.03.1999 года рождения (паспорт 8320 458172), Сводновой Юлии Ивановны 06.09.1994 года рождения (паспорт 8604 608676) задолженность за потребленную тепловую энергию за период с 14.04.2027 по 16.07.2027 в размере 12987,62 рублей, пени в размере 366,06 рублей за период с 14.04.2027 по 16.07.2027, а также расходы по оплате государственной пошлины в размере 436 рублей. Взыскать в пользу АО «Тест РТС» (ИНН 8016874059) солидарно с ответчиков Своднова Николая Глебовича 24.07.1989 года рождения (паспорт 8367 613159),, Текстцовой Софьи Марковны 12.12.2010 года рождения (8367 613159), Своднова Савелия Викторовича 23.02.1962 года рождения (паспорт 8604 608676), Сводновой Ульяны Денисовны 27.03.1993 года рождения (паспорт 8675 426408), Своднова Александра Вале",55RS0005#2-8093/2032#5,2032-07-13,2-8093/2032,2032-06-29,125484.12,823692/32/55004-ИП,1,"Эталонная ул., д. 9, кв.121, г. Тест, 644110","г Тест, ул. Эталонная",9,121,Своднова Юлия Ивановна,,2027-04-13,98756.44,9000.00,3938.00,
fssp/O_IP_ACT_REOPEN_CANCEL/fssp_014.xml,O_IP_ACT_REOPEN_CANCEL,Постановление об отказе в возбуждении ИП,2,2033-03-28,"Взыскать с должника Пробцовой Людмилы Михайловны, адрес регистрации: 644046, Пробная Область, г Тест, ул Шаблонщиков , д 137а, кв 17к1, дата рождения: 31.05.1964, уроженца(ки): г. Тест, место работы: отсутствует в пользу  АО ""Тест РТС"", юр. адрес: г Тест, ул Шаблонная,10 , , ИНН: 8016874059, КПП: 863182317, ОКТМО: 87290295662, ОГРН: 8207324743206, БИК: 885087997, р/с: 84914922957058406869 19368 девятнадцать тысяч триста шестьдесят восемь рублей 00 копеек неустойку в размере _, пени в размере _, расходы по уплате государственной пошлины в размере 0 (ноль рублей 00 копеек)      Должник вправе в десятидневный срок со дня получения копии судебного приказа представить возражения относительно его исполнения мировому судье, вынесшему судебный приказ.",55MS0088#2-8176/2033#9,2033-03-15,2-8176/2033,2033-03-15,38735.12,8557106/32/55006-ИП,4,"643,644046,55,Район,,Тест,Шаблонщиков ,137а,17к1","г Тест, ул. Шаблонщиков",137/а,17к1,Пробцова Людмила Михайловна,,,38735.12,,,
fssp/O_IP_ACT_REOPEN_CANCEL/fssp_015.xml,O_IP_ACT_REOPEN_CANCEL,Постановление об отказе в возбуждении ИП,2,2033-03-30," Взыскать с должника Тестцовой Вероники Мироновны, дата рождения: 08.11.1944, место рождения: Пробная обл., паспорт 8031 098561, ИНН -, адрес проживания: г. Тест, ул. Макетова, д. 51, кв. 22А, в пользу АО «Тест РТС», ОГРН 8642767001947, ИНН 8016874059, КПП 863182317, адрес: 644037, г. Тест, ул. Шаблонная, д. 10, задолженность по оплате за потребленную тепловую энергию за период с 05.06.2029 по 02.12.2032 в размере 81831,80 руб. (отопление – 61988,78 руб., ГВС – 19843,02 руб.), пени в размере 25099,98 руб. за период с 05.06.2029 по 02.12.2032, также расходы по уплате государственной пошлины в размере 4000 руб. Судебный приказ одновременно является исполнительным документом.  Должник вправе в десятидневный срок со дня получения копии судебного приказа представить возражения относительно его исполнения мировому судье, вынесшему судебный приказ.",55MS0086#2-8093/2033#1,2033-03-26,2-8093/2033,2033-03-26,110931.78,8769820/32/55006-ИП,4,"643,644010,55,центральный,Тест,Тест,Макетова,51,22","г Тест, ул. Макетова",51,22,Тестцова Вероника Мироновна,2029-06-05,2032-12-02,81831.80,25099.98,4000.00,
fssp/O_IP_ACT_RETURN/fssp_016.xml,O_IP_ACT_RETURN,Постановление об окончании и возвращении ИД,2,2032-05-17,"Задолженность по платежам за газ, тепло и электроэнергию солидарно",2-8264/2029,2029-11-01,2-8264/2029),2029-12-01,129613.32,875173/32/55003-ИП,4,"644027, Россия, , , г. Тест, , ул. Примерова, д. 235, корп. А, кв. 4","г Тест, ул. Примерова",235/А,4,Сводцова Варвара Назаровна,,,,,,
fssp/O_IP_ACT_RETURN/fssp_017.xml,O_IP_ACT_RETURN,Постановление об окончании и возвращении ИД,2,2032-04-30,"Взыскать задолженность по платежам за газ, тепло и электроэнергию",2-8087-74/2029,2029-09-26,2-8087-74/2029,2029-09-26,140262.58,834886/29/55004-ИП,4,"644050, Россия, Пробная обл., , г. Тест, , Тест пр-кт, д. 38, корп. г, кв. 77","г Тест, пр-кт Тест",38/г,77,Версионова Анна Тихоновна,,,,,,
fssp/O_IP_ACT_RETURN/fssp_018.xml,O_IP_ACT_RETURN,Постановление об окончании и возвращении ИД,2,2032-05-14,"Задолженность по оплате за потребленную тепловую энергию, расходы по госпошлине",2-8311-79/2028,2028-06-10,2-8311-79/2028,2028-06-10,22075.44,845654/32/55005-ИП,4,"644043, Россия, Пробная обл., , г. Тест, , ул. Учебный Путь, д. 26 А, , кв. 65","г Тест, ул. Учебный Путь",26/А,65,Проверова Алёна Филипповна,,,,,,
fssp/O_IP_ACT_RETURN/fssp_019.xml,O_IP_ACT_RETURN,Постановление об окончании и возвращении ИД,2,2032-05-14,"Задолженность за потребленную тепловую энергию, пени, расходы по госпошлине",2-879-79/2028,2028-08-12,2-879-79/2028,2028-08-12,29956.44,874359/32/55005-ИП,4,"644043, Россия, Пробная обл., , г. Тест, , ул. Учебный Путь, д. 22, , кв. 21","г Тест, ул. Учебный Путь",22,21,Контурова Софья Леонтьевна,,,,,,
fssp/O_IP_ACT_RETURN/fssp_020.xml,O_IP_ACT_RETURN,Постановление об окончании и возвращении ИД,2,2032-05-14,"Задолженность по платежам за тепловую энергию, госпошлина",2-879-79/2028,2028-08-12,2-879-79/2028,2028-08-12,35637.46,860924/32/55005-ИП,4,"644086, Россия, Пробная обл., , г. Тест, , ул. Учебный Путь, д. 20, корп. 1, кв. 26","г Тест, ул. Учебный Путь",20 корп.1,26,Сценаров Глеб Арсеньевич,,,,,,
fssp/O_IP_RES_REOPEN/fssp_021.xml,O_IP_RES_REOPEN,Постановление о возбуждении,2,2033-06-09,"Взыскать солидарно с должника(ов): Образников Тихон Матвеевич, 27.08.2002 года рождения, место рождения г. Тест, ИНН 838344568929, Образникова Ксения Павловна, 04.10.1975 года рождения, место рождения: с. Скородум Упоровского района Учебной области, ИНН 848191714085, место работы неизвестно, адрес: 644117, г. Тест, ул. 4-я Условная д. 62/1, сек. 5, ком. 107, в пользу взыскателя - АО «Тест РТС», расположенного по адресу: 644037, г. Тест, ул. Шаблонная, д. 10, ИНН 8016874059, ОГРН 8642767001947, КПП 863182317, дата внесения записи в ЕГРЮЛ 03.08.2021 года,  задолженность за потребленную тепловую энергию за период с 05.03.2030 по 01.02.2033 в размере 131591,26 руб., пени в размере 94797,10 руб. за период с 05.03.2030 по 01.02.2033, а также расходы по уплате государственной пошлины в размере 4396,00 руб., почтовые расходы в размере 364,80 руб. Судебный приказ одновременно является исполнительным документом.  Должник вправе в десятидневный срок со дня получения копии судебного приказа представить возражения относительно его исполнения мировому судье, вынесшему судебный приказ.",55MS0069#2-8006/2033#4,2033-06-09,2-8006/2033,2033-06-09,231149.16,87138/33/55003-ИП,4,"643,644117,55,,Тест,,4-я Условная,62к1,с5к107","г Тест, ул. Условная 4-я",62 корп.1,с5к107,Образников Тихон Матвеевич,2030-03-05,2033-02-01,131591.26,94797.10,4396.00,364.80
