Номер фразы;Фраза-маркер;Пример судебного акта
1;в удовлетворении остальной части…требований отказать;Акт_01.pdf
2;заявление оставить без движения;Акт_02.pdf
3;возвратить…из федерального бюджета…государственной пошлины;Акт_03.pdf
4;заявление возвратить заявителю;Акт_04.pdf
5;оставить… без рассмотрения;Акт_05.pdf
5;оставить… без рассмотрения;Акт_06.pdf
6;в иске отказать;Акт_07.pdf
7;решение…отменить;Акт_08.pdf
8;направить на новое рассмотрение;Акт_09.pdf
9;производство по делу прекратить.;Акт_10.pdf
10;утвердить мировое соглашение;Акт_11.pdf
